]633;E;echo "match_id";d6df43d4-83f5-4ccd-af6d-c4139237b834]633;Cmatch_id
100
10000
10001
10002
10003
10004
10005
10006
10007
10008
10009
10015
10038
10039
10043
10071
10072
10073
10074
10075
10076
10077
10078
10079
10090
10091
101
10107
10108
10109
10110
10115
10121
10122
10123
10124
10125
10132
10133
10134
10135
10136
10145
10152
10153
10154
10155
10156
10157
10158
10159
10183
10184
10185
10186
10187
10195
10196
102
10205
10206
10207
10208
10215
10216
10217
10218
10220
10221
10222
10223
10224
10225
10231
10232
10233
10234
10235
10236
10237
10238
10239
10240
10241
10242
10243
10244
10251
10252
10264
10265
10266
10267
10268
10269
10273
10274
10275
10276
10277
10278
10279
10280
10281
10282
10284
10285
10286
10287
10292
10293
10294
103
10300
10301
10302
10309
10310
10312
10314
10315
10316
10319
10335
10336
10337
10338
10339
10347
10377
10379
10385
104
10426
10431
10440
10441
10442
10443
10444
10445
10446
10447
10448
10454
10456
10465
10479
10480
10481
10482
10483
10484
10485
10486
10497
105
10501
10502
10503
10504
10505
10506
10507
10515
10522
10523
10524
10525
10526
10528
10529
10530
10531
10532
10533
10534
10535
10539
10541
10542
10547
10548
10551
10552
10556
10557
10568
10569
10571
10572
10573
10576
10578
10584
10586
10592
10597
10598
106
10602
10603
10604
10607
10610
10612
10618
10623
10654
10658
10677
10678
10679
10689
10697
10698
107
10702
10717
10718
10719
10720
10721
10722
10735
10738
10739
10740
10741
10742
10743
10744
10745
10746
10747
10748
10749
10750
10752
10767
10768
10771
10772
10780
10781
10782
10783
10784
10791
10796
10797
10798
10799
108
10813
10814
10815
10816
10817
10819
10830
10846
10847
10848
10849
10850
10851
10852
10853
10854
10855
10856
10857
109
10919
10927
10928
10929
10930
10931
10932
10933
10939
10940
10947
10948
10950
10951
10952
10953
10954
10955
10956
10964
10965
10966
10967
10978
10979
10980
10981
10982
10983
10984
10985
10991
10992
110
11008
11009
11010
11011
11012
11013
11014
11015
11016
11017
11018
11055
11057
11067
11068
11069
11070
11071
11072
11073
11076
11077
11083
11084
11085
11086
11087
11088
11089
11091
11092
11098
11099
111
11100
11101
11102
11103
11104
11110
11111
11112
11113
11114
11116
11118
11119
11120
11121
11126
11127
11132
11133
11134
11144
11148
11152
11156
11157
11158
11159
11160
11163
11164
11165
11166
11167
11168
11169
11193
112
11203
11204
11205
11206
11207
11208
11235
11236
11237
11238
11245
11256
11260
11261
11262
11270
11271
11272
11274
11275
11276
11278
11279
11280
113
11308
11312
11330
11339
11349
11350
11357
114
11412
11413
11414
11415
11416
11440
11443
11444
11445
11446
11447
11448
11481
11482
11483
11484
11485
11486
11487
11488
11489
11490
11491
11492
11493
11494
11495
11496
11497
11498
11499
115
11500
11501
11520
11521
11522
11523
11524
11525
11527
11537
11551
11552
11553
11554
11555
11556
11557
11558
11559
11564
11567
11572
11573
11575
11576
11577
11596
11599
116
11601
11608
11611
11613
11614
11617
11619
11635
11636
11637
11650
11656
11657
11658
11659
11660
11661
11662
11663
11664
11665
11666
11667
11668
11669
11670
11671
11672
11674
11677
11686
11687
11693
11694
117
11704
11705
11709
11710
11711
11731
11744
11745
11746
11747
11750
11751
11762
11765
11781
11782
11785
11786
11787
11796
11797
11798
11799
118
11800
11801
11802
11803
11804
11805
11806
11807
11812
11813
11819
11820
11845
11848
11849
11850
11851
11852
11853
11854
11855
11863
11864
11865
11866
11874
11875
11876
11877
11878
11879
11880
11882
11883
11884
11885
11886
11887
11888
11889
119
11911
11912
11913
11914
11921
11922
11929
11930
11935
11936
11939
11940
11941
11942
11948
11949
11950
11951
11952
11953
11954
11955
11956
11957
11958
11964
11965
11966
11971
11977
11978
11979
11980
11981
11982
11992
11993
11994
11996
11997
120
12001
12002
12003
12005
12006
12007
12008
12009
12010
12011
12012
12013
12014
12017
12023
12024
12025
12026
12033
12034
12035
12036
12037
12039
12042
12043
12044
12052
12053
12055
12056
12058
12061
12062
12063
12064
12066
12083
12084
12085
12086
12087
12088
12089
12090
12091
12092
12093
121
12103
12104
12105
12109
12115
12116
12122
12123
12126
12130
12165
12166
12167
12168
12170
12171
12172
12173
12177
12178
12179
12180
12183
12184
12186
12187
122
12200
12201
12203
12204
12209
12210
12211
12212
12213
12214
12215
12220
12225
12226
12230
12231
12233
12234
12238
12239
12243
12244
12249
12250
12255
12256
12259
12260
12263
12272
12275
12276
12277
12278
12279
12280
123
12308
12310
12311
12312
12313
12314
12315
12316
12317
12318
12319
12321
12323
12324
12339
12340
12341
12343
12352
12355
12357
12358
12359
12360
12361
12362
12380
12381
12382
12383
12384
12385
12386
12387
12388
12398
124
12404
12406
12408
12409
12410
12411
12412
12413
12414
12415
12416
12427
12428
12429
12431
12432
12433
12434
12435
12436
12437
12438
12439
12451
12452
12453
12454
12455
12466
12473
12474
12475
12476
12493
12494
12495
12496
12497
12498
12499
125
12500
12501
12502
12503
12509
12510
12511
12531
12532
12535
12536
12538
12540
12543
12545
12547
12560
12562
12564
12572
12573
12576
12578
12580
12588
12590
12593
126
12611
12619
12620
12621
12622
12628
12634
12649
12650
12660
12663
12664
12665
12666
12667
12668
12674
12675
12680
12686
12687
12688
12689
12690
12693
12694
12698
12699
127
12700
12710
12711
12721
12723
12739
12749
12753
12760
12761
12763
12784
12796
128
12805
12806
12807
12808
12809
12819
12823
12825
12837
12838
12844
12845
12846
12847
12848
12850
12851
12852
12861
12862
12863
12866
12868
12898
129
12913
12923
12924
12925
12926
12927
12928
12929
12952
12953
12954
12955
12956
12957
12965
12966
12967
12968
12969
12974
130
13011
13021
13024
13025
13026
13051
13065
13081
13083
13084
131
13102
13103
13104
13105
13107
13108
13109
13114
13140
13141
13142
13155
13156
13157
13158
13159
13160
13161
13162
13163
13164
13165
13166
13167
13168
13169
13170
13177
132
13271
13272
13273
13279
13280
13281
13282
13283
13284
13285
13286
13287
13288
13289
13290
13291
13292
13293
13295
13298
133
13338
13341
13342
134
13414
13415
13417
13418
13419
13423
13436
13438
13439
13440
13441
13443
13444
13445
13446
13447
13452
13455
13456
13457
13458
13459
13460
13461
13465
13466
13467
13468
13469
13470
13471
13472
13473
13475
13477
13478
13479
13480
13481
13482
13487
13488
13489
13490
13491
13492
13493
13494
13495
135
13501
13503
13504
13505
13512
13518
13519
13520
13521
13522
13523
13524
13525
13526
13527
13528
13532
13533
13534
13535
13536
13537
13538
13539
13540
13541
13542
13551
13552
13562
13563
13564
13565
13566
13569
13570
13571
13575
13576
13578
13579
13580
13581
13583
13584
13585
13586
13587
13595
13596
136
13605
13606
13607
13608
13614
13615
13616
13620
13621
13623
13624
13625
13631
13632
13633
13634
13636
13643
13644
13648
13650
13652
13654
13656
13657
13660
13661
13665
13666
13667
13668
13669
13670
13671
13672
13673
13674
13675
13676
13677
13678
13679
137
13712
13713
13757
13776
13777
13778
13779
13780
13781
13782
13783
13784
13785
13786
13787
13788
138
13805
13832
13834
13860
13869
13878
13879
13880
13881
13882
13883
13884
13885
13886
13899
139
13905
13914
13929
13935
13941
13952
13953
13958
13959
13960
13961
13962
13963
13964
13965
13966
13967
13968
13969
13970
13971
13972
140
14049
1405
14050
14051
14052
14053
14054
14055
14056
14057
14058
14059
1406
14060
14062
14064
14066
1407
14072
14073
1408
1409
14092
14098
141
1410
1411
1412
14127
14128
14129
1413
14133
14139
1414
14140
14141
14142
14143
14144
14145
14146
14147
14148
14149
1415
14150
14151
14152
14153
1416
14163
14165
1417
14179
1418
1419
142
1420
1421
14211
14212
14213
14214
14215
14216
14217
14218
14219
1422
14220
14221
14222
14223
14224
1423
1424
1425
1426
14261
1427
14276
1428
14281
1429
14293
14294
143
1430
1431
1432
1433
14336
14339
1434
14340
14344
14345
1435
1436
14361
14366
14369
1437
14372
14377
1438
1439
144
1440
1441
14415
14416
14417
14418
14419
1442
14420
14421
14422
14423
14424
14425
14426
1443
1444
1445
14453
14454
14455
14456
14457
1446
14464
1447
14473
14475
14479
1448
14481
14483
14484
14489
1449
14490
14491
14496
145
1450
14508
14509
1451
14510
1452
1453
1454
1455
1456
14566
1457
14572
1458
1459
14597
146
1460
14604
14605
14606
14607
14609
1461
14610
14611
14612
14613
14614
14615
14616
14617
14618
14619
1462
1463
14631
1464
1465
1466
1467
14674
1468
1469
147
1470
1471
1472
1473
1474
1475
1476
1477
1478
1479
14799
148
1480
14800
14803
1481
1482
1483
1484
1485
14856
1486
14865
14866
14867
14868
14869
1487
14870
14871
14872
14873
14874
14875
14876
14877
14878
14879
1488
1489
149
1490
1491
14918
1492
1493
14935
14936
14937
14938
14939
1494
14940
14941
14942
14943
14944
14945
14946
14947
14948
1495
1496
1497
1498
1499
150
1500
1501
1502
15028
1503
15033
1504
1505
1506
1507
1508
1509
151
1510
1511
1512
1513
1514
1515
1516
1517
1518
1519
152
1520
1521
1522
1523
1524
1525
1526
1527
1528
1529
153
1530
1531
1532
1533
1534
1535
1536
15365
1537
1538
15386
1539
15391
15396
154
1540
15408
1541
15418
1542
15421
15422
15423
15424
15425
1543
15430
15431
15436
1544
15447
1545
15452
15456
15457
15458
15459
1546
15461
1547
1548
15481
1549
155
1550
1551
1552
15527
15529
1553
15530
15531
15532
15533
1554
1555
15555
15558
15559
1556
15560
15562
15563
15564
15566
1557
1558
1559
15594
15595
15596
15597
15599
156
1560
15600
15601
15602
1561
1562
1563
15635
15638
15639
1564
15641
15644
15645
15647
15649
1565
1566
1567
1568
15686
15687
15688
15689
1569
15691
15692
15693
15694
15695
15696
15697
15698
157
1570
15700
15703
1571
15710
15714
15715
15716
15717
15718
15719
1572
15729
1573
1574
1575
1576
15763
15764
15765
15766
15767
15768
1577
1578
15782
15783
15784
15786
15787
1579
158
1580
1581
15814
15815
15816
15817
1582
15820
15821
15822
15825
15826
15827
15828
15829
1583
15830
15831
15832
1584
1585
15859
1586
15860
15861
15862
15864
1587
1588
15880
1589
15897
15898
159
1590
1591
15910
15911
15912
15913
15914
15915
15916
15917
15918
15919
1592
1593
15938
15939
1594
15940
15941
15942
15943
1595
15952
15953
15954
15955
15956
15957
15959
1596
15960
15961
15962
15964
15965
15966
15967
15968
15969
1597
15972
15974
15977
15978
15979
1598
15980
15981
15982
15983
15989
1599
15990
15991
15992
160
1600
1601
1602
16026
16027
16028
16029
1603
1604
16041
16042
16045
16046
16047
16048
16049
1605
16050
16051
16052
1606
1607
16073
16077
16079
1608
16080
16081
16086
16087
16088
16089
16090
16091
16093
16094
16095
16096
16097
16098
16099
161
16100
16150
16151
16152
16153
16154
16155
162
16265
16267
16273
16274
16295
163
16326
16348
16388
16389
16390
16391
16392
16393
16394
16395
16396
16397
16398
16399
164
16400
16401
16402
16403
16404
16405
16407
16408
16409
16410
16411
16412
16413
16414
16415
16416
16417
16418
16419
16420
16425
16426
16427
16428
16429
16430
16431
16453
16454
16455
16456
16457
16458
16459
16460
16461
16462
16463
16464
16465
16466
16467
16468
16469
16470
16471
16472
165
16506
16507
16508
16509
16510
16511
16512
16513
16514
16515
16516
16517
16518
16519
16520
16521
16522
16523
16524
16525
16526
16527
16528
16529
16530
166
167
168
16809
16811
16820
16822
16824
16836
16837
16845
169
16910
16911
16912
16913
16914
16915
16916
16917
16918
16919
16920
16921
16922
16923
16955
16956
16957
16958
16959
16960
16961
16962
16963
16964
16965
16966
16967
16968
16969
16970
16971
16972
16973
16974
16975
16976
16977
16978
16979
16980
16981
16982
16983
16984
16985
16987
16988
16989
16990
16991
16992
16993
16994
16995
16996
16997
16999
170
17000
17001
17002
17003
17004
17005
17006
17007
17008
17009
17010
17011
17012
17013
17014
17015
17016
17022
17023
17024
17025
17026
17027
17028
17029
17050
17051
17098
17099
171
17100
17101
17102
17103
17104
17117
17118
17119
17120
17121
17122
17123
17124
17125
17126
17127
172
17211
17238
17242
17246
17257
17258
17259
17260
17261
17262
17263
17264
17265
17271
17272
17273
17274
17275
17280
17287
17291
173
17300
17304
17311
17312
17313
17314
17315
17316
17317
17318
17319
17320
17326
17327
17328
17330
17343
17344
17345
17346
17347
17348
17349
17350
17351
17352
17353
17354
17355
17356
17357
17358
17359
17360
17362
17363
17364
17365
17366
17367
17368
17369
17399
174
17400
17401
17407
17408
17409
17410
17411
17412
17413
17414
17415
17416
17417
17426
17427
17428
17429
17430
17431
17432
17433
17434
17435
17436
17437
17438
17439
17440
17441
17442
17443
17444
17445
17446
17448
17449
17450
17451
17452
17453
17457
17459
17460
17461
17462
17463
17464
17465
17466
17467
175
17515
17527
17528
17546
17595
17597
176
17613
17619
17620
17622
17627
17628
17629
17630
17633
17637
17638
17656
177
17701
17702
17703
17704
17705
17711
17712
17717
17718
17719
17720
17721
17722
17723
17724
17725
17726
17727
17728
17729
17730
17743
17746
17750
17770
17772
17773
17774
17781
17782
17783
17784
17785
17786
17788
17789
17790
17791
178
17856
17857
17858
17859
17860
17861
17862
17863
17885
17886
17887
17888
17889
17890
179
17906
17907
17909
17910
17911
17923
17924
17940
17941
17942
17943
17944
17945
17946
17947
17948
17963
17964
17965
17966
17967
17968
17980
17981
17993
17994
180
18036
18037
18039
18040
18041
18043
18044
18045
18046
18047
18048
18049
18050
18068
181
18107
18109
18124
18125
18126
18127
18128
18129
18155
18156
18157
18158
18159
18160
18161
18162
18163
18164
18165
182
18216
18217
18218
18219
18220
18221
18222
18223
18224
18230
18233
18234
18235
18236
18237
18238
18239
18240
18241
18242
18245
18246
18247
18248
18249
18250
18251
18254
18255
18256
18274
18275
18276
18277
18278
18279
18280
18281
18288
18289
18290
18291
18297
18298
18299
183
18300
18316
18317
18318
18319
18320
18328
18329
18330
18331
18332
18333
18334
18335
18350
18383
18384
18396
184
18407
18425
18426
18427
18428
18429
18430
18431
18432
18433
18434
18435
18436
18438
18443
18444
18446
18447
18453
18454
18457
18461
18464
18466
18468
18469
18470
18477
18495
185
18506
18507
18508
18512
18514
18515
18516
18519
18526
18531
18532
18533
18534
18535
18536
18537
18538
18539
18540
18541
18542
18543
18544
18546
18551
18554
18555
18556
18557
18558
18559
18575
18580
18581
18582
18591
18592
18593
18594
18595
18596
186
18610
18611
18618
18624
18630
18631
18632
18633
18636
18637
18638
18639
18645
18654
18659
18666
18671
18672
18673
18674
18675
18689
187
18712
18713
18714
18715
18716
18717
18747
18748
18749
18750
18751
18752
18753
18755
18761
18762
18765
18766
18767
18768
18769
18770
18771
18772
18773
18774
18775
18776
18780
18781
18782
18783
18784
18785
18786
18787
18788
18789
18790
18791
18792
18793
18794
18795
188
18803
18811
18821
18822
18823
18833
18834
18835
18862
18863
18864
18865
18866
18868
18870
18876
18878
18879
18880
18881
18890
18891
18892
189
18917
18918
18919
18920
18932
18933
18934
18935
18957
18958
18959
18960
18974
18975
18997
18998
18999
19
190
19000
19020
19021
19022
19023
19024
19037
19039
19040
19041
19042
19057
19058
19059
19060
19061
19084
19096
191
19125
19131
19144
192
19219
19236
19245
19246
19247
19248
19249
19254
19255
19256
19257
19258
19259
19260
19263
19268
19270
19271
19275
19276
19277
19278
19281
19282
19283
19284
19287
19288
19290
19291
19296
193
19306
19315
194
19429
19431
19432
19461
19462
19463
19464
19465
19466
19474
19476
19481
19483
19496
195
19505
19525
19532
19538
19539
19541
19552
19554
19555
19556
19563
19564
19581
19583
19584
19586
196
19698
197
19713
19723
19724
19725
19726
19727
19728
19732
19747
19748
19749
19750
19751
19752
19754
19759
19763
19766
19767
19773
19774
19775
19776
19777
19778
19779
19780
19781
19794
19795
19796
19797
19798
198
19803
19810
19815
19817
19818
19819
19820
19821
19822
19823
19843
19844
19845
19846
19847
19848
19849
19850
19851
19852
19864
19881
19883
19884
19885
19886
19887
19888
19889
19890
19891
19892
19893
19894
19895
19896
19897
19905
19906
19909
19913
19914
19915
19916
19917
19918
19919
19920
19921
19931
19937
19938
19939
19940
19947
19948
19949
19950
19951
19952
19987
19988
19989
19990
19991
19992
19993
19994
19995
19996
19997
20008
20009
20010
20011
20012
20023
20024
20025
20026
20027
20028
20029
20030
20044
20045
20046
20047
20048
20054
20055
20064
20065
20077
20084
20085
20086
20087
20088
20089
20108
20109
20110
20150
20151
20152
20153
20154
20155
20157
20158
20159
20164
20166
20170
20176
20182
20183
20189
20204
20210
20225
20229
20230
20231
20232
20234
20235
20245
20253
20254
20270
20272
20274
20279
20293
20294
20296
20304
20306
20308
20319
20333
20334
20335
20336
20337
20338
20345
20346
20347
20348
20349
20350
20351
20360
20361
20362
20366
20377
20380
20381
20382
20390
20421
20422
20432
20443
20459
20475
20482
20492
20520
20522
20525
20528
20529
20530
20531
20532
20533
20536
20537
20538
20539
20543
20544
20545
20546
20547
20548
20549
20550
20551
20570
20580
20604
20605
20631
20642
20643
20644
20646
20647
20656
20657
20658
20659
20661
20662
20664
20665
20676
20683
20684
20685
20686
20687
20755
20756
20757
20758
20759
20760
20761
20762
20763
20764
20777
20778
20779
20780
20782
20809
20810
20811
20812
20813
20814
20815
20816
20817
20818
20843
20844
20845
20846
20860
20869
20870
20871
20906
20907
20908
20909
20910
20911
20912
20913
20914
20915
20916
20917
20925
20926
20927
20929
20933
20936
20937
20940
20951
20952
20953
20954
20955
20956
20957
20958
20959
20960
20961
20962
20963
20983
20998
20999
21000
21001
21002
21003
21004
21005
21006
21007
21008
21009
21043
21044
21045
21046
21047
21048
21049
21050
21052
21053
21054
21055
21056
21057
21058
21059
21060
21102
21103
21104
21105
21106
21107
21108
21109
21110
21111
21112
21113
21114
21115
21116
21117
21118
21119
21120
21121
21122
21123
21124
21125
21156
21157
21172
21173
21174
21175
21190
21191
21192
21193
21194
21199
21200
21201
21202
21222
21223
21224
21225
21261
21262
21272
21273
21274
21275
21276
21277
21279
21280
21283
21296
21297
21298
21299
21300
21301
21302
21303
21304
21305
21306
21307
21308
21309
21310
21311
21312
21313
21314
21315
21316
21317
21318
21319
21320
21321
21322
21323
21324
21325
21326
21327
21330
21367
21368
21369
21370
21371
21372
21373
21374
21375
21376
21377
21378
21379
21380
21381
21382
21383
21384
21385
21386
21408
21409
21419
21420
21421
21422
21423
21424
21425
21426
21427
21428
21429
21430
21431
21432
21433
21461
21462
21463
21464
21465
21466
21467
21468
21469
21470
2149
21498
21499
21500
21501
21502
21503
21504
21505
21506
21507
21508
21509
21510
2152
21539
2155
21552
21553
21554
21563
21564
21565
21566
21567
21568
21569
21570
21571
2158
21603
21604
21605
21606
21607
21608
21609
2161
21610
21611
21612
21613
21614
21615
21616
21617
2162
21632
21633
21634
21635
21636
21637
21638
21639
21640
21669
21676
21677
21678
21679
21699
21707
21708
21709
21710
21711
21712
21713
21714
21715
21717
21718
21728
21729
21730
21731
21732
21733
21753
21754
21755
21756
21757
21758
21759
21760
21785
21786
21787
21788
21789
21790
21791
21794
21795
21796
21797
21798
21799
21800
21801
21821
21822
21823
21824
21825
21826
21850
21851
21852
21853
21854
21855
21856
21857
21858
21859
21860
21861
21862
21866
21867
21878
21879
21897
21898
21899
21900
21901
21902
21903
21904
21917
21918
21919
21920
21933
21934
21935
21936
21938
21939
21940
21941
2196
2198
21985
21986
21987
21988
21989
2199
21990
21991
21992
21998
21999
22
22000
22001
22007
22008
22015
22016
22020
22022
22023
22024
22025
22026
22028
22029
22030
22031
22057
22058
22063
22066
2207
22073
22074
22075
22076
22081
22082
22083
22086
22087
22088
22089
22096
22097
2210
22103
22104
22105
22107
22108
22110
22111
22119
2212
22138
2214
2215
22159
22163
22165
22168
2217
22180
22185
22213
22214
22215
22216
22217
22218
22219
22220
22221
22222
22223
22248
22249
22250
22251
22252
22253
22254
22255
22256
22257
22258
22259
2226
22260
22261
22262
2228
22285
22286
22287
22288
22289
22290
22291
22292
22293
22294
22295
22296
2230
22324
22331
22332
22333
22334
22335
22336
22337
22338
22339
22340
22341
22342
22349
22350
22351
22352
22353
22354
22355
22356
2237
22386
22387
22388
22412
22413
22414
22415
22416
22417
22418
22419
2242
22420
22443
22444
22445
22446
22447
22470
22471
22472
22473
22474
22475
22507
22522
22523
22526
22527
22528
22539
22544
22562
22564
22565
22594
22606
22607
22622
22630
22632
22633
22634
22635
22644
22645
22646
22647
22669
22670
22671
22692
22693
22694
22695
22696
22697
22698
22699
22700
22701
22702
22703
22704
22705
22722
22723
22724
22725
22726
22727
22728
22729
22766
22767
22768
22788
22789
22790
22791
22792
22793
22794
22795
22815
22816
22833
22834
22835
22861
22862
22863
22864
22885
22886
22887
22888
22890
22891
22892
22893
22917
22948
22949
22950
22963
22964
22973
22974
22975
22976
22977
22978
22984
22985
22995
22996
22997
23037
23038
23039
23040
23041
23042
23043
23044
23045
23046
23053
23054
23055
23056
23057
23058
23071
23072
23073
23074
23075
23101
23113
23118
23119
23129
23140
23142
23155
23157
23165
23166
23167
23170
23176
23177
23178
23179
23180
23182
23196
23197
23198
23199
23200
23201
23203
23204
23209
23224
23225
23229
23230
23232
23234
23268
23269
23270
23271
23272
23273
23277
23278
23279
23280
23281
23289
23295
23300
23308
23317
23318
23319
23320
23324
23329
23330
23331
23332
23362
23365
23377
23383
23384
23395
23398
23401
23402
23403
23421
23422
23433
23434
23441
23470
23471
23472
23479
23480
23481
23526
23529
23544
23545
23577
23588
23589
23590
23601
23621
23659
23660
23661
23662
23663
23664
23665
23666
23667
23668
23704
23706
23709
23715
23716
23717
23718
23719
23734
23735
23736
23752
23753
23786
23788
23789
23790
23791
23792
23793
23794
23795
23796
23797
23798
23799
23800
23801
23815
23816
23817
23818
23819
23820
23821
23838
23839
23840
23849
23850
23851
23852
23853
23854
23855
23856
23857
23858
23859
23860
23861
23862
23863
23864
23885
23886
23887
23961
23964
23965
23966
23967
23968
23969
23970
23971
23972
23973
23974
23975
23976
23977
23978
23979
24
24003
24004
24015
24016
24017
24018
24019
24020
24021
24022
24023
24080
24101
24102
24103
24104
24105
24106
24107
24108
24109
24110
24135
24138
24139
24145
24148
24149
24150
24151
24153
24154
24155
24156
24157
24158
24159
24160
24161
24162
24163
24164
24165
24166
24167
24168
24217
24271
24272
24273
24274
24275
24276
24277
24278
24280
24281
24282
24283
24284
24285
24286
24287
24306
24351
24353
24354
24369
24370
24371
24372
24373
24374
24375
24376
24377
24378
24379
24380
24381
24382
24383
24384
24405
24489
24494
24495
24496
24497
24498
24499
24500
24501
24502
24503
24504
24505
24506
24507
24508
24509
2452
2453
24537
24538
24539
2454
24544
24545
24546
24547
24548
24549
2455
24551
24552
24553
24554
24555
24556
24557
24558
24559
2456
24560
24561
24562
2457
2458
24580
24581
24582
24583
24584
24585
24586
2459
2460
24604
24605
2461
24618
24619
2462
24622
24623
2463
2464
2465
24659
2466
24660
2467
24672
24673
24674
24675
2468
24684
2469
24699
2470
24700
24701
24702
24703
24704
24705
24706
24707
24708
24709
2471
2472
24724
24725
24726
2473
24739
2474
24740
2475
2476
24762
24763
24764
24765
2477
24779
2478
24780
24781
24782
24783
2479
2480
2481
24811
24812
2482
24823
24824
24825
2483
2484
24840
24841
2485
24858
24859
2486
24860
2487
24876
24877
24878
24879
2488
24880
24881
24882
24883
24884
24885
24886
2489
2490
24903
24904
24908
24909
2491
24910
24911
24912
24913
2492
24920
24923
2493
24930
24931
24932
24933
24934
24938
2494
24941
24942
24943
24945
24947
24949
2495
24950
24952
24953
24954
24955
24956
24957
2496
2497
2498
24983
24984
24985
24986
24987
24988
24989
2499
24990
24991
2500
2501
25010
25011
25012
25013
25014
25015
25016
25017
25018
25019
2502
25020
25021
25022
25023
2503
25036
25037
2504
25040
25041
25042
25043
25045
25047
25049
2505
25052
25053
25054
25055
25056
25057
25058
25059
2506
25060
25061
25062
25063
25064
25065
25066
25067
25068
25069
2507
25070
25079
2508
25087
25088
25089
2509
25090
25092
25093
25094
25095
25096
25097
25098
25099
2510
25100
25108
2511
2512
25120
25121
25122
25123
25124
25125
25126
25127
25128
2513
2514
25142
25143
25144
25145
25146
25147
25148
25149
2515
25150
25151
25152
25153
25154
2516
25169
2517
25170
25171
25172
25173
25174
25175
25176
25177
25178
25179
2518
25180
25181
25182
2519
2520
25204
25205
25206
25207
25208
25209
2521
25210
25211
2522
25225
2523
2524
25241
25242
25243
25244
25245
25246
25247
25248
25249
2525
25250
25251
25252
25253
2526
2527
25271
25272
25273
25274
25275
25276
25277
25278
25279
2528
25280
2529
25291
25292
25293
2530
25306
25307
2531
25314
25315
25316
25317
25318
25319
2532
25320
25321
25322
2533
25338
25339
2534
2535
25351
25352
25353
2536
2537
25379
2538
25380
25381
2539
25390
25391
25392
25393
25394
25395
25396
25397
25398
2540
2541
25410
25411
2542
2543
25432
25433
25434
25435
2544
25444
2545
25450
25451
25452
25456
25457
25458
2546
2547
25479
2548
25480
25481
25482
25483
25484
2549
2550
25509
2551
25510
25511
2552
25526
2553
2554
25548
25549
2555
25551
2556
2557
25570
2558
25588
2559
25591
2560
25606
2561
2562
25623
25624
25628
25629
2563
25632
2564
25648
25649
2565
25650
25651
25652
25653
25654
25655
25656
25657
25658
25659
2566
25660
25661
25662
25663
25664
2567
2568
2569
25693
25694
25695
25696
25697
25698
25699
2570
25700
25701
25702
25703
25704
25705
25706
25707
25708
25709
2571
25710
25711
25712
25713
2572
25728
2573
2574
2575
25750
25751
25752
25753
25754
25755
25756
25757
25758
25759
2576
25760
25761
25762
25763
25764
25765
25766
25767
2577
25771
2578
2579
2580
25809
2581
25810
25811
25812
25813
25814
25815
25816
25817
25818
25819
2582
25820
25821
25823
25824
25825
25827
25828
2583
25834
25835
2584
2585
2586
2587
25870
25871
25872
25873
25874
25875
25876
25877
25878
25879
2588
25880
25881
25882
25883
25884
25885
25886
25887
2589
2590
25902
2591
2592
25921
25922
25923
25924
25925
25926
25927
25928
25929
2593
25930
25932
2594
2595
25962
25963
25977
25978
25979
25980
25994
25995
25996
25997
25998
26018
26019
26020
26021
26022
26023
26024
26025
26047
26048
26049
26050
26051
26052
26053
26054
26055
26056
26057
26058
26071
26072
26073
26074
26075
26076
26077
26078
26122
26123
26174
26175
26176
26177
26192
26193
26194
26195
26196
26197
26198
26199
26200
26201
26202
26209
26210
26211
26212
26213
26214
26215
26216
26217
26218
26219
26220
26221
26222
26251
26262
26263
26264
26265
26266
26267
26268
26269
26270
26271
26290
26291
26292
26293
26301
26302
26303
26304
26305
26307
26327
26328
26329
26330
26331
26332
26333
26334
26335
26336
26337
26356
26357
26368
26369
26370
26371
26378
26379
26380
26381
26382
26383
26384
26385
26386
26387
26392
26393
26394
26405
26406
26407
26408
26409
26420
26421
26432
26433
26448
26449
26450
26451
26453
26454
26462
26463
26472
26473
26474
26475
26476
26481
26484
26485
26486
26487
26494
26497
26524
26530
26531
26532
26533
26534
26535
26536
26537
26538
26539
26551
26582
26583
26584
26585
26586
26587
26589
26624
26625
26632
26633
26634
26635
26636
26637
26638
26639
26640
26641
26642
26643
26644
26645
26646
26647
26672
26673
26674
26692
26693
26694
26695
26696
26697
26698
26699
26700
26701
26702
26703
26704
26705
26706
26711
26712
26717
26718
26721
26722
26723
26724
26725
26726
26727
26728
26729
26730
26731
26732
26733
26734
26735
26736
26737
26738
26742
26752
26753
26758
26759
26760
26761
26762
26763
26764
26765
26766
26767
26768
26769
26770
26771
26772
26796
26797
26806
26807
26808
26809
26820
26821
26822
26823
26824
26825
26826
26827
26843
26844
26845
26846
26867
26883
26884
26885
26886
26887
26888
26889
26890
26891
26892
26893
26935
26936
26937
26941
26953
26954
26955
26956
26963
26988
26989
27003
27004
27005
27006
27007
27008
27009
27010
27011
27013
27014
27016
27017
27018
27019
27024
27025
27026
27027
27028
27029
27038
27039
27059
27065
27066
27071
27072
27073
27074
27075
27076
27091
27092
27093
27094
27095
27096
27119
27120
27121
27122
27123
27124
27125
27136
27137
27138
27140
27141
27142
27143
27144
27145
27146
27147
27163
27164
27165
27166
27167
27168
27169
27176
27177
27183
27184
27192
27193
27194
27200
27201
27202
27203
27204
27205
27206
27207
27217
27218
27227
27229
27233
27238
27239
27240
27245
27254
27259
27260
27282
27288
27289
27293
27322
27323
27324
27340
27341
27342
27343
27348
27381
27382
27383
27384
27385
27386
27387
27388
27418
27445
27454
27455
27456
27457
27458
27459
27460
27464
27476
27477
27478
27479
27480
27481
27482
27483
27484
27500
27535
27546
27638
27649
27697
27708
27709
27710
27711
27712
27713
27714
27758
27759
27760
27761
27762
27763
27775
27776
27777
27778
27844
27845
27877
27878
27879
27907
27908
27909
27910
27911
27912
27917
27918
27919
27920
27921
27922
27928
27929
27931
27932
27933
27934
27935
27936
27945
27946
27948
27949
27952
27953
27958
28079
28382
28390
28438
28439
28462
28837
28850
28936
28937
28938
28939
28941
28953
28954
28955
28968
28969
29001
29002
29028
29029
29030
29031
29032
29266
29377
29480
29614
29624
29690
29938
30198
30252
30254
30255
30284
30285
30287
30288
30316
30318
30356
30357
30368
30369
30385
30386
30387
30389
30895
30896
30911
30923
30925
30927
30929
30930
30934
30935
30936
30957
30958
30959
30960
30961
30962
30963
30964
30965
3098
3099
30996
30997
31004
31025
31026
31027
31028
31029
31030
31031
31032
31033
31034
31035
31036
31037
31038
31089
31090
31091
31092
31093
31094
31095
31098
31099
31100
31101
31102
31103
31104
31107
31121
31122
31123
31124
31125
31126
31127
31128
31134
31135
31136
31137
31138
31139
31140
31182
31183
31184
31188
31189
31214
31249
31257
31265
31267
31322
31496
31497
31501
31686
31688
31709
31710
31711
31712
31713
31714
31724
3173
3174
31745
31746
31747
3175
3176
3177
31772
31773
3178
3179
3180
31803
31804
31805
31806
31807
31808
31809
3181
31812
31813
31814
31815
3182
3183
3184
3185
3186
3187
3188
3189
3190
3191
3192
3193
3194
3195
3196
3197
3198
3199
32
3200
3201
3202
3203
3204
3205
32055
32056
32058
32059
3206
32064
32065
32066
32067
32068
32069
3207
3208
32087
32088
3209
32090
32091
32092
3210
32110
32117
32119
3213
3214
32140
32141
3215
3216
32161
3217
32178
32179
3218
32180
32181
32182
32183
32184
32185
3219
3220
32206
32207
3221
32217
32219
3222
32220
3223
3224
3225
3226
3227
3228
3229
3230
3231
3232
3233
3234
3235
3236
3237
3238
3239
3240
3241
3242
3243
3244
3245
32451
32453
32454
32456
32457
32458
32459
3246
32460
32461
32462
32463
32464
3247
3248
3249
3250
32507
32508
3251
3252
32522
3253
3254
32540
32541
3255
32555
32557
32558
32559
3256
32560
32561
32562
32563
32564
32565
32566
32567
3257
3258
3259
32594
32595
32596
3260
3261
3262
3263
3264
32645
32646
32648
32649
3265
32650
32652
32653
3266
3267
3268
32687
32688
32689
3269
32690
32691
32692
32693
32696
32697
32698
32699
3270
32700
32701
32702
32703
32704
32705
32707
32708
32709
3271
3272
32720
32721
3273
32736
32737
32738
3274
32740
32741
32742
32743
32744
32745
3275
3276
32764
32765
32767
3277
3278
3279
3280
32809
3281
32810
32811
32814
32815
3282
3283
3284
3285
3286
3287
3288
3289
3290
32902
3291
3292
3293
32932
32933
32934
32935
32936
32937
3294
3295
3296
3297
33
33048
33142
33143
33185
33186
33187
33188
33189
33190
33198
33199
33200
33205
33207
33208
33216
33232
33233
33234
33235
33236
33237
33243
33251
33259
33316
33617
33715
34
34076
34100
34103
34104
34105
34106
34107
34108
34109
34131
34139
34140
34155
34161
34163
34165
34176
34177
34189
34190
34207
34208
34209
34210
34211
34212
34222
34223
34235
34239
34241
34245
34249
34258
34622
34640
34641
34642
34643
34646
34647
34656
34657
34659
34660
34662
34676
34678
34737
34755
34756
34763
34779
34780
34781
34782
34783
34784
34785
34786
34787
34788
34789
34790
34818
34820
34835
34836
34843
34844
34845
34846
34847
34848
34849
34850
34851
34852
34853
34854
34881
34896
34902
34903
34904
34905
34906
34907
34908
34909
34910
34911
34912
34913
34926
34927
34938
34939
34967
34968
34969
34970
35
35021
35030
35031
35032
35034
35279
35280
35281
35284
35289
35290
35291
35302
35303
35304
35307
35308
35309
35311
35312
35325
35332
35333
35335
35336
35337
35350
35351
35352
35371
35372
35374
35376
35381
35382
35383
35384
35385
35389
35390
35392
35393
35395
35411
35449
35450
35451
35452
35453
35506
35507
35508
35509
35510
35511
35512
35513
35514
35516
35517
35518
35520
35521
35522
35523
35524
35527
35528
35529
35530
35534
35548
35559
35561
35562
35563
35567
35568
35571
35577
35585
35589
35590
35591
35593
35604
35610
35615
35618
35619
35625
35626
35629
35636
35641
35644
35648
35652
35662
35677
35718
35772
35773
35881
35882
35885
35886
35887
35889
35891
35892
35893
35894
35897
35898
35899
35900
35901
35902
35903
35904
35905
35906
35907
35908
35909
35910
35911
35912
35913
35914
35915
35916
35917
35918
35919
35920
35921
35922
35960
35961
35962
35964
35965
35966
35967
35968
35971
35972
35973
36
36028
36029
36030
36031
36392
36393
36464
36466
36467
36469
36490
36491
36492
36493
36494
36521
36523
36524
36526
36527
36541
36543
36545
36546
36547
36562
36587
36588
36589
36590
36592
36593
36594
36595
36597
36626
36629
36630
36631
36632
36635
36636
36637
36638
36639
36640
36641
36876
36877
36880
36882
36884
36885
36887
36888
36890
36891
36892
36897
36899
36901
36902
36903
36904
36907
36911
36913
36914
36916
36917
36919
36937
36962
36964
36967
36968
36969
36970
36971
36987
36988
36989
36990
36991
36992
37005
37007
37010
37013
37016
37017
37032
37036
37037
37038
37039
37040
37041
37043
37044
37047
37050
37051
37054
37055
37059
37062
37063
37067
37070
37071
37073
37075
37082
37093
37189
37190
37191
37276
37279
37281
37282
37283
37284
37285
37286
37287
37314
37315
37316
37317
37337
37339
37340
37341
37359
37360
37379
37380
37381
37392
37393
37394
37396
37399
37400
37402
37404
37406
37410
37411
37436
37443
37444
37445
37446
37447
37448
37449
37458
37462
37463
37466
37467
37468
37469
37470
37471
37472
37473
37474
37475
37496
37498
37499
37500
37501
37502
37503
37548
37564
37566
37567
37568
37570
37573
37574
37576
37577
37578
37579
37580
37581
37582
37583
37584
37585
37610
37611
37612
37624
37628
37631
37635
37654
37655
37656
37657
37658
37659
37660
37661
37662
37663
37664
37665
37666
37667
37668
37669
37670
37671
37720
37793
37794
37795
37796
37797
37798
37799
37800
37801
37802
37803
37804
37805
37806
37807
37808
37809
37810
37833
37838
37841
37851
37852
37854
37855
37856
37857
37858
37859
37860
37861
37862
37863
37864
37865
37866
37868
37869
37872
37877
37880
37939
37940
37941
37942
37948
37950
37977
37979
37980
37981
37982
37985
37987
37989
38
38019
38020
38021
38040
38041
38087
38088
38106
38107
38108
38131
38132
38133
38137
38138
38139
38144
38145
38149
38150
38155
38156
38157
38158
38163
38164
38176
38177
38178
38179
38239
38240
38273
38274
38285
38286
38289
38290
38307
38308
38315
38316
38342
38379
38394
38419
38420
38421
38422
38423
38425
38482
38554
38582
38583
38584
38606
38607
38608
38609
38610
38611
38612
38613
38614
38615
38616
38617
38618
38619
38620
38621
38622
38623
38635
38649
38653
38657
38658
38688
38690
38723
38735
38748
38749
38750
38751
38752
38753
38754
38755
38756
38757
38758
38759
38760
38761
38762
38763
38764
38765
38817
38818
38819
38820
38839
38840
39
39019
39020
39021
39025
39026
39027
39028
39029
39030
39031
39032
39033
39034
39035
39036
39037
39038
39039
39062
39084
39134
39139
39143
39144
39145
39146
39147
39148
39149
39153
39154
39155
39156
39157
39158
39159
3916
39160
39161
39162
39163
3917
3918
3919
3920
3921
3922
3923
3924
3925
3926
3927
3928
3929
39298
39299
3930
3931
3932
39329
3933
39330
39334
39336
39337
3934
39345
39346
39347
39348
39349
3935
39350
39351
39352
39353
39354
39355
39356
39357
39358
3936
3937
3938
39382
39385
3939
3940
3941
3942
3943
39433
39434
39435
39436
3944
39449
3945
3946
3947
39475
3948
3949
39494
39495
39496
39497
39498
39499
3950
39500
39501
39502
39503
39504
39505
3951
3952
39529
3953
39530
3954
39545
39549
3955
39552
39553
39554
39555
39556
39557
39558
39559
3956
39560
3957
3958
39586
39587
39588
3959
3960
3961
3962
39622
3963
3964
39640
3965
39653
39654
39655
3966
3967
3968
39680
39682
39683
39684
39685
39686
39687
39688
39689
3969
39690
39691
3970
3971
3972
3973
3974
3975
3976
3977
3978
3979
3980
3981
3982
3983
3984
3985
39852
39853
3986
3987
3988
3989
3990
3991
3992
3993
3994
3995
3996
3997
3998
3999
4000
4001
40017
4002
40022
40024
4003
4004
4005
40054
40055
40056
40057
40058
40059
4006
40060
40061
4007
40071
4008
40085
4009
4010
40104
4011
40118
4012
4013
40133
40134
4014
4015
4016
40162
40163
40164
40165
4017
4018
40189
4019
40190
40191
40192
40193
40194
40195
40197
40198
4020
4021
4022
40228
40229
4023
40230
40231
40232
4024
40241
40242
40243
40244
40245
40246
40247
40248
40249
4025
40252
40253
4026
4027
4028
40286
40287
40288
4029
4030
40305
40308
40309
4031
40311
40312
40313
40314
40315
40318
40319
4032
40321
40322
40323
40324
40325
40326
4033
4034
4035
4036
4037
40373
40374
40375
40376
40377
4038
40380
40381
4039
40399
4040
40400
40401
40402
40403
40404
40405
40406
40407
40408
40409
4041
40410
40411
40412
40413
40414
40415
40416
40417
40419
4042
40420
40421
40422
40423
4043
4044
40447
4045
4046
4047
4048
4049
40667
40742
40754
40903
40987
40988
40989
41010
41011
41016
41017
41018
41020
41021
41022
41023
41024
41025
41026
41054
41055
41129
41131
41132
41133
41134
41135
41136
41137
41138
41139
41140
41141
41142
41143
41144
41145
41146
41147
41148
41149
41150
41151
41185
41186
41187
41408
41521
41534
41537
41538
41542
41574
41575
41586
41588
41593
41594
41595
41596
41597
41598
41599
41600
41601
41692
41693
41694
41695
41696
41697
41698
41699
41700
41701
41702
41703
41704
41705
41706
41707
41708
41709
41710
41711
41712
41744
41752
41759
41767
41770
41771
41777
41779
41783
41805
41806
41807
41808
41809
41810
42
42103
42104
42105
42106
42107
42112
42113
42114
42115
42116
42117
42118
42119
42121
42122
42124
42126
42127
42128
42129
42156
42157
42158
42159
42190
42191
42192
42200
42201
42202
42212
42213
42214
42215
42236
42237
42238
42240
42275
42276
42277
42278
42279
42280
42281
42348
42349
42361
42364
42366
42367
42368
42369
42370
42371
42372
42373
42374
42375
42376
42377
42395
42396
42397
42399
42400
42424
42425
42450
42470
42471
42475
42476
42479
42480
42481
42482
42483
42484
42485
42486
42487
42488
42489
42490
42491
42492
42493
42665
42668
42670
42672
42675
42692
42693
42694
42695
42696
42698
42731
42739
42741
42743
42745
42746
42750
42755
42756
42757
42758
42759
42760
42761
42762
42763
42764
42765
42782
42783
42784
42785
42788
42789
42790
42791
42792
42793
42794
42796
42797
42798
42807
42808
42809
42810
42811
42812
42813
42814
42815
42816
42817
42818
42819
42820
42821
42822
42831
42833
42839
42840
42841
42842
42843
42844
42845
42847
42852
42853
42855
42974
42975
43465
43522
43523
43527
44
44201
44203
44211
44212
4569
4570
4571
4572
4573
4574
4575
4576
4577
4578
4579
4580
4581
4582
4583
4584
4585
4586
4587
4588
4589
4590
4591
4592
4593
4594
4595
4596
4597
4598
4599
46
4600
4601
4602
4603
4604
4605
4606
4607
4608
4609
4610
4612
4614
4616
4644
4645
4646
4647
4649
4682
4687
4688
4689
47
4707
4722
4724
4757
4781
4802
4814
4819
4827
4828
4830
4847
4852
4857
4858
4864
4865
4867
4870
4872
4873
4875
4887
4888
4898
4906
4908
4938
4990
5027
5030
5032
5035
5037
5038
5042
5043
5044
5045
5053
5054
5058
5059
5060
5061
5062
5063
5064
5117
5119
5123
5124
5140
5141
5142
5143
5144
5145
5146
5147
5148
5149
5150
5151
5153
5154
5155
5156
5158
5160
5162
5168
5203
5204
5214
5215
5216
5218
5223
5225
5226
5227
5228
5234
5235
5236
5237
5238
5239
5241
5242
5243
5244
5247
5254
5255
5256
5257
5258
5259
5260
5261
5263
5264
5265
5266
5271
5272
5282
5285
5286
5288
5289
5293
5294
5295
5297
5298
5299
53
5300
5301
5317
5365
5366
5368
5369
5371
5373
5374
5382
5384
5385
5388
5392
5394
5396
5397
5399
5402
5405
5406
5407
5416
5418
5419
5426
5434
5435
5436
5437
5442
5458
5471
5545
5563
5580
5602
5603
5604
5605
5607
5611
5621
5623
5624
5631
5639
5645
5652
5654
5656
5684
5685
5686
5689
5691
5693
5698
5699
5702
5703
5705
5707
5709
5711
5712
5716
5719
5722
5723
5724
5725
5726
5730
5731
5732
5734
5736
5737
5781
5827
5845
5851
5856
5857
5860
5862
5866
5868
5871
5872
5873
5881
5885
5887
5890
5897
5907
5912
5914
5918
5919
5921
5922
5923
5924
5925
5926
5928
5929
5958
5960
5962
5963
5964
5965
5966
5967
5968
5970
5976
5980
5981
5982
5983
5984
5986
5994
5995
5999
6002
6003
6010
6011
6026
6044
6045
6046
6073
6147
6148
6164
6165
6166
6167
6168
6169
6170
6171
6173
6174
6175
6176
6177
6178
6181
6182
6183
6185
6186
6187
6188
6189
6194
6195
6197
6198
6199
6202
6203
6204
6205
6210
6211
6212
6213
6214
6215
6216
6217
6218
6221
6223
6224
6225
6227
6228
6229
6270
6271
6274
6301
6302
6304
6305
6306
6309
6315
6320
6335
6339
6343
6357
6358
6359
6365
6395
6432
6433
6434
6442
6443
6460
65
6530
6534
66
6693
6695
67
6716
6717
6719
6720
6725
6744
6792
6795
6799
68
6801
6804
6812
6813
6892
6897
69
6918
6922
6923
6930
6933
6935
6937
6939
6947
6948
6975
70
7039
7041
7043
7044
7061
7082
7092
7093
7094
7095
7096
71
7135
7140
7150
7151
7152
7158
7162
7167
7175
7176
7178
7180
7196
72
7209
7210
7211
7212
7214
7217
7219
7221
7222
7226
7227
7230
7232
7239
7240
7251
7257
7258
7261
7262
7264
7266
7269
7278
7281
7282
7289
7297
7298
7299
73
7310
7311
7320
7321
7325
7335
7394
7395
74
7400
7417
7418
7420
7426
7450
7452
7464
7467
75
7507
7508
7513
7516
7517
7519
7553
7558
7565
7572
7582
7587
7588
7592
7593
76
7601
7602
7606
7626
7630
7636
7646
7651
7652
7658
7673
7699
77
7706
7721
78
7825
7834
7835
7839
7840
7847
7850
7863
7864
7865
7866
7874
7875
7894
7899
79
7902
7903
7904
7905
7908
7909
7910
7911
7912
7920
7921
7922
7925
7926
7927
7930
7931
7932
7933
7936
7937
7938
7939
7942
7944
7945
7946
7947
7948
7951
7952
7953
7954
7964
7986
7987
7992
7994
7996
80
8026
8027
8028
8029
8035
8036
8037
8043
8044
8082
8083
81
8113
8114
8122
8123
8127
8128
8130
8136
8138
8152
8172
8173
8174
8175
82
8211
8214
8274
8275
8296
8298
83
8307
8308
8309
8310
8311
8312
8369
8371
8375
8376
8382
84
8459
8471
8472
8473
8475
8476
8477
8488
8489
8490
85
8501
8512
8514
8522
8523
8524
8525
8526
8527
8528
8539
8540
8542
8546
8555
8559
8560
8562
8563
86
8647
8667
8679
8683
8685
87
8700
8709
8710
8711
8712
8715
8716
8718
8719
8720
8721
8722
8724
8727
8731
8732
8733
8734
8735
8749
8767
8772
8773
8774
8786
8797
8798
8799
88
8810
8817
8834
8836
8837
8844
8845
8849
8851
8862
8878
8885
8886
8887
8888
8889
8890
8896
8897
8898
8899
89
8900
8901
891
8914
8915
8916
8917
8918
8919
8920
8921
8923
8925
8926
8927
8928
8929
8930
8931
8932
8933
8935
8936
8937
8938
8957
8966
8973
8982
8983
8984
8985
8986
8987
8988
8989
8992
8993
8994
8995
8996
90
9019
9023
9026
9033
9040
9041
9043
9044
9045
9046
9047
9056
9059
906
9060
9061
9062
9063
9064
9065
9066
9067
9068
9069
907
9070
908
9086
9087
9088
9089
909
9090
9091
9092
9093
9094
91
9105
9106
9107
9108
9109
9110
9111
9140
9141
9142
9143
9178
9179
9180
9181
9182
9183
9184
9185
92
9204
9205
9206
9207
9208
9209
9210
9212
9221
9222
9223
9224
9225
9227
9228
9231
9232
9233
9247
9248
9249
9250
9251
9252
9253
9254
9279
9280
9281
9282
9283
9284
9285
9286
9287
9288
9289
9290
9291
93
9308
9310
9313
9322
9323
9324
9325
9326
9328
9336
9337
9338
9339
9346
9350
9363
9369
9378
9379
9380
9381
9382
9383
9384
9385
9386
9387
9388
9389
9397
94
9403
9407
9408
9410
9411
9412
9413
9428
9429
9430
9431
9432
9439
9440
9441
9442
9443
9444
9445
9449
9456
9469
9477
9478
9479
9480
9481
9482
9483
9497
9505
9506
9507
9508
9509
9511
9512
9513
9514
9518
9519
9520
9521
9522
9523
9524
9525
9546
9547
9548
9549
9550
9551
9552
9553
9554
9555
9560
9561
9562
9563
9564
9565
9570
9571
9572
9576
9577
9578
9579
9580
9581
9582
9584
9585
9586
9587
9588
9594
9595
96
9600
9608
9609
9610
9616
9617
9635
9636
9641
9642
9643
9644
9648
9671
9679
9680
9682
9685
9687
9688
97
9703
9704
9707
9715
9717
9718
9736
9737
9738
9739
9740
9749
9770
9771
9772
9773
9774
9775
9776
9777
9778
9779
9780
9781
9782
9783
9784
9785
9786
9797
9798
98
9800
9801
9802
9803
9804
9805
9806
9807
9808
9809
9832
9842
9843
9844
9845
9846
9847
9848
9865
9866
9867
9868
9869
9870
9871
9872
9890
9891
9892
9893
9896
99
9907
9908
9909
9916
9917
9924
9925
9926
9927
9941
9957
9958
9959
9960
9970
9976
9977
9978
9980
9981
9982
9983
9984
9989
9993
9998
9999
